{
    "name": "AzureSqlTable2",
    "properties": {
        "linkedServiceName": {
            "referenceName": "Symphony",
            "type": "LinkedServiceReference"
        },
        "annotations": [],
        "type": "AzureSqlTable",
        "schema": [
            {
                "name": "Fullcategory",
                "type": "nvarchar"
            },
            {
                "name": "AgingInfo",
                "type": "nvarchar"
            },
            {
                "name": "Age",
                "type": "int",
                "precision": 10
            },
            {
                "name": "IncidentID",
                "type": "int",
                "precision": 10
            },
            {
                "name": "Location",
                "type": "nvarchar"
            },
            {
                "name": "ExecutiveName",
                "type": "nvarchar"
            },
            {
                "name": "Customer",
                "type": "nvarchar"
            },
            {
                "name": "Classification",
                "type": "nvarchar"
            }
        ],
        "typeProperties": {
            "schema": "symphony",
            "table": "Incidents"
        }
    },
    "type": "Microsoft.DataFactory/factories/datasets"
}