{
    "name": "symphony_incidents_ds",
    "properties": {
        "linkedServiceName": {
            "referenceName": "lnk_IT_Hub",
            "type": "LinkedServiceReference"
        },
        "folder": {
            "name": "Symphony"
        },
        "annotations": [],
        "type": "Json",
        "typeProperties": {
            "location": {
                "type": "AzureBlobStorageLocation",
                "container": "symphony"
            }
        },
        "schema": {}
    },
    "type": "Microsoft.DataFactory/factories/datasets"
}