{
    "now": "2022-09-22T21:12:25.031Z",
    "perfNow": 1182440.8999999762,
    "diagnosticCorrelation": "5a750539-693d-4db5-b1e2-e1e6fc7abf73",
    "source": "DownloadSupportFiles",
    "environment": {
        "productName": "adf",
        "buildVersion": "1.0.091822.9",
        "environmentType": 3,
        "resourceName": "adf-aeanalytics-dev",
        "resourceRegion": "uksouth",
        "resourceGroup": "AE-DataAnalytics-RG",
        "subscriptionId": "5c9d19af-0150-462c-b1ba-f30eb114e56a",
        "sessionId": "ltBNJ",
        "operationId": "Pz+4H",
        "gitType": "live"
    },
    "additionalInfo": {
        "selectedResource": "Symphony",
        "selectedResourceType": "pipeline"
    }
}