{
    "name": "Symphony Incidents",
    "properties": {
        "type": "MappingDataFlow",
        "typeProperties": {
            "sources": [
                {
                    "dataset": {
                        "referenceName": "symphony_incidents_ds",
                        "type": "DatasetReference"
                    },
                    "name": "SymphonyIncidentsExtract"
                }
            ],
            "sinks": [
                {
                    "dataset": {
                        "referenceName": "AzureSqlTable2",
                        "type": "DatasetReference"
                    },
                    "name": "sink1"
                }
            ],
            "transformations": [
                {
                    "name": "derivedColumn1"
                },
                {
                    "name": "flatten1"
                }
            ],
            "scriptLines": [
                "source(output(",
                "          Errors as string,",
                "          Input as string,",
                "          Message as string,",
                "          OrgID as boolean,",
                "          Output as string,",
                "          OutputID as boolean,",
                "          OutputObject as (GridViewDisplayColumns as (IsCustomField as boolean, LabelName as string, Placeholder as string, Value as string)[], MyTickets as (Age as short, AgeClass as string, AgingInfo as string, AssignedToMe as boolean, Assigned_Engineer as short, Assigned_Engineer_Name_Secondary as string, CallerName as string, CallerUpdate as boolean, Category as string, Classification as string, Customer as string, {Executive Name} as string, FullCategory as string, FullClassification as string, FullOpenCategory as string, Impact as string, {Incident ID} as short, IsAttExists as boolean, IsAutoResolve as boolean, IsChild as boolean, IsMajorIncident as boolean, IsParent as boolean, IsParentRecord as boolean, Location as string, {Logged Time} as timestamp, OpenCategory as string, {Pending Reason} as string, Priority as string, PriorityColorCode as string, ROWNUM as short, {Remaining SLA Time} as string, Reopened as boolean, {Reslution Code Name} as string, {Resolution Deadline} as timestamp, {Resolution Time} as timestamp, Resolution_ElapseTime as short, Resolution_SLA as short, Resolution_Time as string, Resolution_voilation as boolean, {Response Deadline} as timestamp, {Response Time} as timestamp, Response_Deadline as string, Response_voilation as boolean, SLAName as string, SLAPercent as short, SLAProgress as short, SLAProgressClass as string, SLARemainingTime as short, {Schedule Date} as string, {Service Window} as string, Status as string, {Sub-Workgroup Name} as string, Sup_Function as string, Symptom as string, Ticket_ID as string, TotalRows as short, Updated_Time as timestamp, Urgency as string, UserProfileImageName as string, UserTypeColor as string, UserTypeName as string, {Vendor Incident ID} as string, {Vendor Name} as string, VendorIncidentEndDate as string, VendorIncidentStartDate as string, Vendor_status as string, {Workgroup Name} as string)[]),",
                "          TokenID as string",
                "     ),",
                "     allowSchemaDrift: true,",
                "     validateSchema: false,",
                "     limit: 100,",
                "     ignoreNoFilesFound: false,",
                "     documentForm: 'documentPerLine') ~> SymphonyIncidentsExtract",
                "SymphonyIncidentsExtract derive(Age = OutputObject.MyTickets.Age,",
                "          Category = OutputObject.MyTickets.Category,",
                "          MyTickets = array(OutputObject.MyTickets)) ~> derivedColumn1",
                "derivedColumn1 foldDown(unroll(OutputObject.MyTickets),",
                "     mapColumn(",
                "          AgeingInfo = OutputObject.MyTickets.AgingInfo,",
                "          GridViewDisplayColumns = OutputObject.MyTickets.FullCategory,",
                "          Age = OutputObject.MyTickets.Age,",
                "          IncidentID = OutputObject.MyTickets.{Incident ID},",
                "          Location = OutputObject.MyTickets.Location,",
                "          ExecutiveName = OutputObject.MyTickets.{Executive Name},",
                "          Priority = OutputObject.MyTickets.Priority,",
                "          Status = OutputObject.MyTickets.Status,",
                "          Classification = OutputObject.MyTickets.Classification,",
                "          FullopenCategory = OutputObject.MyTickets.FullOpenCategory,",
                "          Customer = OutputObject.MyTickets.Customer,",
                "          Symptom = OutputObject.MyTickets.Symptom,",
                "          LoggedTime = OutputObject.MyTickets.{Logged Time},",
                "          Impact = OutputObject.MyTickets.Impact,",
                "          Urgency = OutputObject.MyTickets.Urgency,",
                "          {Workgroup Name} = OutputObject.MyTickets.{Workgroup Name}",
                "     ),",
                "     skipDuplicateMapInputs: false,",
                "     skipDuplicateMapOutputs: false) ~> flatten1",
                "flatten1 sink(allowSchemaDrift: true,",
                "     validateSchema: false,",
                "     input(",
                "          Fullcategory as string,",
                "          AgingInfo as string,",
                "          Age as integer,",
                "          IncidentID as integer,",
                "          Location as string,",
                "          ExecutiveName as string,",
                "          Customer as string,",
                "          Classification as string",
                "     ),",
                "     deletable:false,",
                "     insertable:true,",
                "     updateable:false,",
                "     upsertable:false,",
                "     recreate:true,",
                "     format: 'table',",
                "     skipDuplicateMapInputs: true,",
                "     skipDuplicateMapOutputs: true,",
                "     errorHandlingOption: 'stopOnFirstError',",
                "     mapColumn(",
                "          Fullcategory = GridViewDisplayColumns,",
                "          AgingInfo = AgeingInfo,",
                "          Age,",
                "          IncidentID,",
                "          Location,",
                "          ExecutiveName,",
                "          Priority,",
                "          Customer,",
                "          Classification,",
                "          Status,",
                "          Symptom,",
                "          LoggedTime,",
                "          Impact,",
                "          Urgency,",
                "          {Workgroup Name},",
                "          FullopenCategory",
                "     )) ~> sink1"
            ]
        }
    }
}